{
    "score": {
        "epoch-0": {
            "f1": 0.8409387222946545,
            "acc": 0.7936575052854122,
            "mcc": 0.6204250086264357,
            "mat": [
                [
                    587,
                    475
                ],
                [
                    13,
                    1290
                ]
            ]
        },
        "epoch-1": {
            "f1": 0.8414154652686763,
            "acc": 0.7953488372093023,
            "mcc": 0.6205617617838826,
            "mat": [
                [
                    597,
                    465
                ],
                [
                    19,
                    1284
                ]
            ]
        },
        "epoch-2": {
            "f1": 0.8464320947056889,
            "acc": 0.8025369978858351,
            "mcc": 0.634487303079666,
            "mat": [
                [
                    611,
                    451
                ],
                [
                    16,
                    1287
                ]
            ]
        },
        "epoch-3": {
            "f1": 0.8449868073878628,
            "acc": 0.8012684989429175,
            "mcc": 0.6296228529718564,
            "mat": [
                [
                    614,
                    448
                ],
                [
                    22,
                    1281
                ]
            ]
        },
        "epoch-4": {
            "f1": 0.8500000000000001,
            "acc": 0.8097251585623678,
            "mcc": 0.6420839432268411,
            "mat": [
                [
                    640,
                    422
                ],
                [
                    28,
                    1275
                ]
            ]
        },
        "epoch-5": {
            "f1": 0.8614102118791247,
            "acc": 0.8312896405919662,
            "mcc": 0.6701520845302732,
            "mat": [
                [
                    726,
                    336
                ],
                [
                    63,
                    1240
                ]
            ]
        },
        "epoch-6": {
            "f1": 0.8563685636856369,
            "acc": 0.8207188160676533,
            "mcc": 0.6577281927566005,
            "mat": [
                [
                    677,
                    385
                ],
                [
                    39,
                    1264
                ]
            ]
        },
        "epoch-7": {
            "f1": 0.8616546515619635,
            "acc": 0.8295983086680762,
            "mcc": 0.6709971208223864,
            "mat": [
                [
                    707,
                    355
                ],
                [
                    48,
                    1255
                ]
            ]
        },
        "epoch-8": {
            "f1": 0.8597560975609757,
            "acc": 0.8249471458773784,
            "mcc": 0.6669794305504099,
            "mat": [
                [
                    682,
                    380
                ],
                [
                    34,
                    1269
                ]
            ]
        },
        "epoch-9": {
            "f1": 0.8622589531680441,
            "acc": 0.8308668076109936,
            "mcc": 0.6724657780123855,
            "mat": [
                [
                    713,
                    349
                ],
                [
                    51,
                    1252
                ]
            ]
        },
        "epoch-10": {
            "f1": 0.861407249466951,
            "acc": 0.8350951374207188,
            "mcc": 0.6716786838559518,
            "mat": [
                [
                    763,
                    299
                ],
                [
                    91,
                    1212
                ]
            ]
        },
        "epoch-11": {
            "f1": 0.8644360124180752,
            "acc": 0.8338266384778013,
            "mcc": 0.6781391024245602,
            "mat": [
                [
                    719,
                    343
                ],
                [
                    50,
                    1253
                ]
            ]
        },
        "epoch-12": {
            "f1": 0.8615170494084899,
            "acc": 0.8317124735729386,
            "mcc": 0.6704595789451031,
            "mat": [
                [
                    729,
                    333
                ],
                [
                    65,
                    1238
                ]
            ]
        },
        "epoch-13": {
            "f1": 0.8603907637655417,
            "acc": 0.8338266384778013,
            "mcc": 0.6691043557573036,
            "mat": [
                [
                    761,
                    301
                ],
                [
                    92,
                    1211
                ]
            ]
        },
        "epoch-14": {
            "f1": 0.863304347826087,
            "acc": 0.8338266384778013,
            "mcc": 0.675078688265295,
            "mat": [
                [
                    731,
                    331
                ],
                [
                    62,
                    1241
                ]
            ]
        },
        "epoch-15": {
            "f1": 0.8625954198473282,
            "acc": 0.8325581395348837,
            "mcc": 0.6732227768152098,
            "mat": [
                [
                    726,
                    336
                ],
                [
                    60,
                    1243
                ]
            ]
        },
        "epoch-16": {
            "f1": 0.8636205092431113,
            "acc": 0.8346723044397463,
            "mcc": 0.6759431519333446,
            "mat": [
                [
                    736,
                    326
                ],
                [
                    65,
                    1238
                ]
            ]
        },
        "epoch-17": {
            "f1": 0.8583660363895825,
            "acc": 0.8321353065539112,
            "mcc": 0.6646486134454207,
            "mat": [
                [
                    765,
                    297
                ],
                [
                    100,
                    1203
                ]
            ]
        },
        "final": {
            "f1": 0.8712871287128712,
            "acc": 0.8461538461538461,
            "mcc": 0.7035893679167072,
            "mat": [
                [
                    385,
                    158
                ],
                [
                    24,
                    616
                ]
            ]
        }
    },
    "loss": {
        "epoch-0": 0.5844864211083037,
        "epoch-1": 0.5292548069700914,
        "epoch-2": 0.515544550056906,
        "epoch-3": 0.5012773295373749,
        "epoch-4": 0.4937121021729913,
        "epoch-5": 0.483652713101625,
        "epoch-6": 0.4803556231616049,
        "epoch-7": 0.4748023173845459,
        "epoch-8": 0.4742605827238728,
        "epoch-9": 0.47330279712961854,
        "epoch-10": 0.46963080803145413,
        "epoch-11": 0.4694184546801334,
        "epoch-12": 0.4706622664417625,
        "epoch-13": 0.4668285316457058,
        "epoch-14": 0.4695337526888206,
        "epoch-15": 0.470232081492028,
        "epoch-16": 0.46731501316000157,
        "epoch-17": 0.4651161579033072
    }
}