{
    "score": {
        "epoch-0": {
            "f1": 0.8524701873935264,
            "acc": 0.8169133192389006,
            "mcc": 0.6467536788338486,
            "mat": [
                [
                    681,
                    381
                ],
                [
                    52,
                    1251
                ]
            ]
        },
        "epoch-1": {
            "f1": 0.8422991893883567,
            "acc": 0.8190274841437633,
            "mcc": 0.6335402514694568,
            "mat": [
                [
                    794,
                    268
                ],
                [
                    160,
                    1143
                ]
            ]
        },
        "epoch-2": {
            "f1": 0.8614627285513361,
            "acc": 0.8334038054968288,
            "mcc": 0.6708123342722103,
            "mat": [
                [
                    746,
                    316
                ],
                [
                    78,
                    1225
                ]
            ]
        },
        "epoch-3": {
            "f1": 0.8621933621933622,
            "acc": 0.8384778012684989,
            "mcc": 0.6758150355985338,
            "mat": [
                [
                    788,
                    274
                ],
                [
                    108,
                    1195
                ]
            ]
        },
        "epoch-4": {
            "f1": 0.8623467600700526,
            "acc": 0.8338266384778013,
            "mcc": 0.6728294388146613,
            "mat": [
                [
                    741,
                    321
                ],
                [
                    72,
                    1231
                ]
            ]
        },
        "epoch-5": {
            "f1": 0.8,
            "acc": 0.7864693446088795,
            "mcc": 0.5728347314478385,
            "mat": [
                [
                    850,
                    212
                ],
                [
                    293,
                    1010
                ]
            ]
        },
        "epoch-6": {
            "f1": 0.8654316672492136,
            "acc": 0.8372093023255814,
            "mcc": 0.680648208664113,
            "mat": [
                [
                    742,
                    320
                ],
                [
                    65,
                    1238
                ]
            ]
        },
        "epoch-7": {
            "f1": 0.867599569429494,
            "acc": 0.8439746300211417,
            "mcc": 0.6881758983500551,
            "mat": [
                [
                    787,
                    275
                ],
                [
                    94,
                    1209
                ]
            ]
        },
        "epoch-8": {
            "f1": 0.8516853932584271,
            "acc": 0.8325581395348837,
            "mcc": 0.6607057674187818,
            "mat": [
                [
                    832,
                    230
                ],
                [
                    166,
                    1137
                ]
            ]
        },
        "epoch-9": {
            "f1": 0.8666666666666667,
            "acc": 0.8393234672304439,
            "mcc": 0.6839252219201323,
            "mat": [
                [
                    750,
                    312
                ],
                [
                    68,
                    1235
                ]
            ]
        },
        "epoch-10": {
            "f1": 0.858603066439523,
            "acc": 0.8245243128964059,
            "mcc": 0.663297168471723,
            "mat": [
                [
                    690,
                    372
                ],
                [
                    43,
                    1260
                ]
            ]
        },
        "epoch-11": {
            "f1": 0.846942650968477,
            "acc": 0.8295983086680762,
            "mcc": 0.6549841077589285,
            "mat": [
                [
                    847,
                    215
                ],
                [
                    188,
                    1115
                ]
            ]
        },
        "epoch-12": {
            "f1": 0.8583190394511149,
            "acc": 0.825369978858351,
            "mcc": 0.6621607130990379,
            "mat": [
                [
                    701,
                    361
                ],
                [
                    52,
                    1251
                ]
            ]
        },
        "epoch-13": {
            "f1": 0.8501211491865697,
            "acc": 0.8169133192389006,
            "mcc": 0.640639965156015,
            "mat": [
                [
                    704,
                    358
                ],
                [
                    75,
                    1228
                ]
            ]
        },
        "final": {
            "f1": 0.8641425389755011,
            "acc": 0.8453085376162299,
            "mcc": 0.6901710864307576,
            "mat": [
                [
                    418,
                    125
                ],
                [
                    58,
                    582
                ]
            ]
        }
    },
    "loss": {
        "epoch-0": 0.54377700416873,
        "epoch-1": 0.4861373441263684,
        "epoch-2": 0.4799402110903238,
        "epoch-3": 0.47135924643495575,
        "epoch-4": 0.46686076195552806,
        "epoch-5": 0.46368063484075767,
        "epoch-6": 0.46176828709337614,
        "epoch-7": 0.45696861294912067,
        "epoch-8": 0.45678281059700615,
        "epoch-9": 0.4517705862678805,
        "epoch-10": 0.4468803740866837,
        "epoch-11": 0.4479157519847421,
        "epoch-12": 0.44205508232980745,
        "epoch-13": 0.4451308404155099
    }
}