{
    "score": {
        "epoch-0": {
            "f1": 0.8409016661221824,
            "acc": 0.7940803382663848,
            "mcc": 0.6197313177127685,
            "mat": [
                [
                    591,
                    471
                ],
                [
                    16,
                    1287
                ]
            ]
        },
        "epoch-1": {
            "f1": 0.8433104350670592,
            "acc": 0.7974630021141649,
            "mcc": 0.6265673543192597,
            "mat": [
                [
                    597,
                    465
                ],
                [
                    14,
                    1289
                ]
            ]
        },
        "epoch-2": {
            "f1": 0.8471528471528472,
            "acc": 0.8059196617336152,
            "mcc": 0.6341646145631689,
            "mat": [
                [
                    634,
                    428
                ],
                [
                    31,
                    1272
                ]
            ]
        },
        "epoch-3": {
            "f1": 0.8606473594548552,
            "acc": 0.827061310782241,
            "mcc": 0.6688116650176812,
            "mat": [
                [
                    693,
                    369
                ],
                [
                    40,
                    1263
                ]
            ]
        },
        "epoch-4": {
            "f1": 0.8568527918781726,
            "acc": 0.8211416490486257,
            "mcc": 0.6591547932931899,
            "mat": [
                [
                    676,
                    386
                ],
                [
                    37,
                    1266
                ]
            ]
        },
        "epoch-5": {
            "f1": 0.861679604798871,
            "acc": 0.8342494714587738,
            "mcc": 0.6716383316009654,
            "mat": [
                [
                    752,
                    310
                ],
                [
                    82,
                    1221
                ]
            ]
        },
        "epoch-6": {
            "f1": 0.8629757785467128,
            "acc": 0.8325581395348837,
            "mcc": 0.6742300196300393,
            "mat": [
                [
                    722,
                    340
                ],
                [
                    56,
                    1247
                ]
            ]
        },
        "epoch-7": {
            "f1": 0.8640000000000001,
            "acc": 0.8346723044397463,
            "mcc": 0.6768793569602888,
            "mat": [
                [
                    732,
                    330
                ],
                [
                    61,
                    1242
                ]
            ]
        },
        "epoch-8": {
            "f1": 0.8627182471756248,
            "acc": 0.8304439746300212,
            "mcc": 0.6739941324469565,
            "mat": [
                [
                    704,
                    358
                ],
                [
                    43,
                    1260
                ]
            ]
        },
        "epoch-9": {
            "f1": 0.8654316672492136,
            "acc": 0.8372093023255814,
            "mcc": 0.680648208664113,
            "mat": [
                [
                    742,
                    320
                ],
                [
                    65,
                    1238
                ]
            ]
        },
        "epoch-10": {
            "f1": 0.862940548237807,
            "acc": 0.8372093023255814,
            "mcc": 0.6757011857747582,
            "mat": [
                [
                    768,
                    294
                ],
                [
                    91,
                    1212
                ]
            ]
        },
        "epoch-11": {
            "f1": 0.8638297872340425,
            "acc": 0.8376321353065539,
            "mcc": 0.6774922513308934,
            "mat": [
                [
                    763,
                    299
                ],
                [
                    85,
                    1218
                ]
            ]
        },
        "epoch-12": {
            "f1": 0.8650543287767262,
            "acc": 0.8372093023255814,
            "mcc": 0.6797741036481167,
            "mat": [
                [
                    746,
                    316
                ],
                [
                    69,
                    1234
                ]
            ]
        },
        "epoch-13": {
            "f1": 0.8646723646723647,
            "acc": 0.8393234672304439,
            "mcc": 0.6800405134185379,
            "mat": [
                [
                    771,
                    291
                ],
                [
                    89,
                    1214
                ]
            ]
        },
        "epoch-14": {
            "f1": 0.8644428672817602,
            "acc": 0.8384778012684989,
            "mcc": 0.679093447450637,
            "mat": [
                [
                    765,
                    297
                ],
                [
                    85,
                    1218
                ]
            ]
        },
        "epoch-15": {
            "f1": 0.8669255206494881,
            "acc": 0.8405919661733615,
            "mcc": 0.6848863873006528,
            "mat": [
                [
                    760,
                    302
                ],
                [
                    75,
                    1228
                ]
            ]
        },
        "epoch-16": {
            "f1": 0.8681512902085543,
            "acc": 0.8422832980972516,
            "mcc": 0.6880624265339823,
            "mat": [
                [
                    764,
                    298
                ],
                [
                    75,
                    1228
                ]
            ]
        },
        "epoch-17": {
            "f1": 0.8649609097370291,
            "acc": 0.8393234672304439,
            "mcc": 0.6805279145219744,
            "mat": [
                [
                    768,
                    294
                ],
                [
                    86,
                    1217
                ]
            ]
        },
        "epoch-18": {
            "f1": 0.8649415101028004,
            "acc": 0.8389006342494715,
            "mcc": 0.6802379728121144,
            "mat": [
                [
                    764,
                    298
                ],
                [
                    83,
                    1220
                ]
            ]
        },
        "epoch-19": {
            "f1": 0.8668555240793201,
            "acc": 0.8410147991543341,
            "mcc": 0.6849383501344152,
            "mat": [
                [
                    765,
                    297
                ],
                [
                    79,
                    1224
                ]
            ]
        },
        "epoch-20": {
            "f1": 0.8687367678193366,
            "acc": 0.8427061310782241,
            "mcc": 0.6894303843785647,
            "mat": [
                [
                    762,
                    300
                ],
                [
                    72,
                    1231
                ]
            ]
        },
        "epoch-21": {
            "f1": 0.8616262482168331,
            "acc": 0.8359408033826639,
            "mcc": 0.67266603498614,
            "mat": [
                [
                    769,
                    293
                ],
                [
                    95,
                    1208
                ]
            ]
        },
        "epoch-22": {
            "f1": 0.8669741042923023,
            "acc": 0.8414376321353065,
            "mcc": 0.6853812522971298,