{
    "score": {
        "epoch-0": {
            "f1": 0.841249186727391,
            "acc": 0.7936575052854122,
            "mcc": 0.6218941896573371,
            "mat": [
                [
                    584,
                    478
                ],
                [
                    10,
                    1293
                ]
            ]
        },
        "epoch-1": {
            "f1": 0.8434610303830912,
            "acc": 0.7995771670190275,
            "mcc": 0.6249425999074225,
            "mat": [
                [
                    614,
                    448
                ],
                [
                    26,
                    1277
                ]
            ]
        },
        "epoch-2": {
            "f1": 0.8555968887385864,
            "acc": 0.8194503171247357,
            "mcc": 0.6557852333834692,
            "mat": [
                [
                    673,
                    389
                ],
                [
                    38,
                    1265
                ]
            ]
        },
        "epoch-3": {
            "f1": 0.8507809903622466,
            "acc": 0.8101479915433404,
            "mcc": 0.6448246963012956,
            "mat": [
                [
                    636,
                    426
                ],
                [
                    23,
                    1280
                ]
            ]
        },
        "epoch-4": {
            "f1": 0.8488874128196613,
            "acc": 0.8076109936575053,
            "mcc": 0.6395401449020385,
            "mat": [
                [
                    632,
                    430
                ],
                [
                    25,
                    1278
                ]
            ]
        },
        "epoch-5": {
            "f1": 0.8573360378634213,
            "acc": 0.8215644820295983,
            "mcc": 0.6605907960633548,
            "mat": [
                [
                    675,
                    387
                ],
                [
                    35,
                    1268
                ]
            ]
        },
        "epoch-6": {
            "f1": 0.8642407277816656,
            "acc": 0.8359408033826639,
            "mcc": 0.6776283636690276,
            "mat": [
                [
                    742,
                    320
                ],
                [
                    68,
                    1235
                ]
            ]
        },
        "epoch-7": {
            "f1": 0.8589874277947672,
            "acc": 0.8245243128964059,
            "mcc": 0.664566471904072,
            "mat": [
                [
                    686,
                    376
                ],
                [
                    39,
                    1264
                ]
            ]
        },
        "epoch-8": {
            "f1": 0.8575323790047716,
            "acc": 0.8232558139534883,
            "mcc": 0.6603857560731252,
            "mat": [
                [
                    689,
                    373
                ],
                [
                    45,
                    1258
                ]
            ]
        },
        "epoch-9": {
            "f1": 0.8624740843123704,
            "acc": 0.8317124735729386,
            "mcc": 0.672938735285784,
            "mat": [
                [
                    719,
                    343
                ],
                [
                    55,
                    1248
                ]
            ]
        },
        "epoch-10": {
            "f1": 0.8613691090471277,
            "acc": 0.8295983086680762,
            "mcc": 0.6701518524512299,
            "mat": [
                [
                    710,
                    352
                ],
                [
                    51,
                    1252
                ]
            ]
        },
        "epoch-11": {
            "f1": 0.8660652324774462,
            "acc": 0.8367864693446089,
            "mcc": 0.6822460549672241,
            "mat": [
                [
                    731,
                    331
                ],
                [
                    55,
                    1248
                ]
            ]
        },
        "epoch-12": {
            "f1": 0.8635566467905998,
            "acc": 0.8355179704016913,
            "mcc": 0.6759867364574602,
            "mat": [
                [
                    745,
                    317
                ],
                [
                    72,
                    1231
                ]
            ]
        },
        "epoch-13": {
            "f1": 0.8668061366806137,
            "acc": 0.8384778012684989,
            "mcc": 0.6841433131300617,
            "mat": [
                [
                    740,
                    322
                ],
                [
                    60,
                    1243
                ]
            ]
        },
        "epoch-14": {
            "f1": 0.8655988857938719,
            "acc": 0.8367864693446089,
            "mcc": 0.6810206668143208,
            "mat": [
                [
                    736,
                    326
                ],
                [
                    60,
                    1243
                ]
            ]
        },
        "epoch-15": {
            "f1": 0.8619599578503689,
            "acc": 0.8338266384778013,
            "mcc": 0.672003503177443,
            "mat": [
                [
                    745,
                    317
                ],
                [
                    76,
                    1227
                ]
            ]
        },
        "epoch-16": {
            "f1": 0.863157894736842,
            "acc": 0.8350951374207188,
            "mcc": 0.6749891866449872,
            "mat": [
                [
                    745,
                    317
                ],
                [
                    73,
                    1230
                ]
            ]
        },
        "epoch-17": {
            "f1": 0.8606876993973768,
            "acc": 0.8338266384778013,
            "mcc": 0.6695997192305657,
            "mat": [
                [
                    758,
                    304
                ],
                [
                    89,
                    1214
                ]
            ]
        },
        "epoch-18": {
            "f1": 0.8662730114623133,
            "acc": 0.8372093023255814,
            "mcc": 0.6827726295588928,
            "mat": [
                [
                    733,
                    329
                ],
                [
                    56,
                    1247
                ]
            ]
        },
        "epoch-19": {
            "f1": 0.8654848800834202,
            "acc": 0.8363636363636363,
            "mcc": 0.6807238125624016,
            "mat": [
                [
                    733,
                    329
                ],
                [
                    58,
                    1245
                ]
            ]
        },
        "final": {
            "f1": 0.8726752503576538,
            "acc": 0.849535080304311,
            "mcc": 0.7068553321856275,
            "mat": [
                [
                    395,
                    148
                ],
                [
                    30,
                    610
                ]
            ]
        }
    },
    "loss": {
        "epoch-0": 0.5856561392745958,
        "epoch-1": 0.5336082991631521,
        "epoch-2": 0.5136810757825454,
        "epoch-3": 0.5028778134610571,
        "epoch-4": 0.4952317099225859,
        "epoch-5": 0.4874759127993554,
        "epoch-6": 0.4828225261805078,
        "epoch-7": 0.4803167572509389,
        "epoch-8": 0.4731714519718733,
        "epoch-9": 0.47320979941238384,
        "epoch-10": 0.47335127180687253,
        "epoch-11": 0.4702109056736512,
        "epoch-12": 0.46517466514399014,