{
    "score": {
        "epoch-0": {
            "f1": 0.8418650146723182,
            "acc": 0.7949260042283298,
            "mcc": 0.6231126851440337,
            "mat": [
                [
                    589,
                    473
                ],
                [
                    12,
                    1291
                ]
            ]
        },
        "epoch-1": {
            "f1": 0.8417949557811987,
            "acc": 0.7957716701902748,
            "mcc": 0.6217588346424542,
            "mat": [
                [
                    597,
                    465
                ],
                [
                    18,
                    1285
                ]
            ]
        },
        "epoch-2": {
            "f1": 0.8436268068331143,
            "acc": 0.7987315010570825,
            "mcc": 0.6264876848548752,
            "mat": [
                [
                    605,
                    457
                ],
                [
                    19,
                    1284
                ]
            ]
        },
        "epoch-3": {
            "f1": 0.8469421487603305,
            "acc": 0.8042283298097251,
            "mcc": 0.6348263509496094,
            "mat": [
                [
                    621,
                    441
                ],
                [
                    22,
                    1281
                ]
            ]
        },
        "epoch-4": {
            "f1": 0.8420019627085377,
            "acc": 0.7957716701902748,
            "mcc": 0.6226832465191932,
            "mat": [
                [
                    595,
                    467
                ],
                [
                    16,
                    1287
                ]
            ]
        },
        "epoch-5": {
            "f1": 0.8651097943534332,
            "acc": 0.8363636363636363,
            "mcc": 0.6797677987931258,
            "mat": [
                [
                    737,
                    325
                ],
                [
                    62,
                    1241
                ]
            ]
        },
        "epoch-6": {
            "f1": 0.8541440463264568,
            "acc": 0.8295983086680762,
            "mcc": 0.6569529337154851,
            "mat": [
                [
                    782,
                    280
                ],
                [
                    123,
                    1180
                ]
            ]
        },
        "epoch-7": {
            "f1": 0.8618001417434443,
            "acc": 0.8350951374207188,
            "mcc": 0.672344668389254,
            "mat": [
                [
                    759,
                    303
                ],
                [
                    87,
                    1216
                ]
            ]
        },
        "epoch-8": {
            "f1": 0.8608458390177354,
            "acc": 0.8274841437632136,
            "mcc": 0.6692602234375087,
            "mat": [
                [
                    695,
                    367
                ],
                [
                    41,
                    1262
                ]
            ]
        },
        "epoch-9": {
            "f1": 0.861851332398317,
            "acc": 0.8334038054968288,
            "mcc": 0.6716207330867153,
            "mat": [
                [
                    742,
                    320
                ],
                [
                    74,
                    1229
                ]
            ]
        },
        "epoch-10": {
            "f1": 0.8613086770981507,
            "acc": 0.8350951374207188,
            "mcc": 0.6715182619161306,
            "mat": [
                [
                    764,
                    298
                ],
                [
                    92,
                    1211
                ]
            ]
        },
        "epoch-11": {
            "f1": 0.8618784530386739,
            "acc": 0.8308668076109936,
            "mcc": 0.6713890707713815,
            "mat": [
                [
                    717,
                    345
                ],
                [
                    55,
                    1248
                ]
            ]
        },
        "final": {
            "f1": 0.8681948424068768,
            "acc": 0.8444632290786137,
            "mcc": 0.6958237981764246,
            "mat": [
                [
                    393,
                    150
                ],
                [
                    34,
                    606
                ]
            ]
        }
    },
    "loss": {
        "epoch-0": 0.5898452775280714,
        "epoch-1": 0.5330145257155999,
        "epoch-2": 0.5134765970572419,
        "epoch-3": 0.5034767144406616,
        "epoch-4": 0.4934030577823261,
        "epoch-5": 0.494946763688702,
        "epoch-6": 0.48498405757904745,
        "epoch-7": 0.4815740804820768,
        "epoch-8": 0.47457346754901764,
        "epoch-9": 0.47165268005565314,
        "epoch-10": 0.46924469212198566,
        "epoch-11": 0.4728303636106727
    }
}