{
    "score": {
        "epoch-0": {
            "f1": 0.8412129116400392,
            "acc": 0.7940803382663848,
            "mcc": 0.6211600992279219,
            "mat": [
                [
                    588,
                    474
                ],
                [
                    13,
                    1290
                ]
            ]
        },
        "epoch-1": {
            "f1": 0.8405228758169936,
            "acc": 0.7936575052854122,
            "mcc": 0.6185241721820682,
            "mat": [
                [
                    591,
                    471
                ],
                [
                    17,
                    1286
                ]
            ]
        },
        "epoch-2": {
            "f1": 0.8414872798434443,
            "acc": 0.7945031712473573,
            "mcc": 0.6218951562402151,
            "mat": [
                [
                    589,
                    473
                ],
                [
                    13,
                    1290
                ]
            ]
        },
        "epoch-3": {
            "f1": 0.8407310704960835,
            "acc": 0.7936575052854122,
            "mcc": 0.6194663974105509,
            "mat": [
                [
                    589,
                    473
                ],
                [
                    15,
                    1288
                ]
            ]
        },
        "epoch-4": {
            "f1": 0.8419344368711457,
            "acc": 0.7940803382663848,
            "mcc": 0.6246406496175735,
            "mat": [
                [
                    581,
                    481
                ],
                [
                    6,
                    1297
                ]
            ]
        },
        "epoch-5": {
            "f1": 0.8412802090137166,
            "acc": 0.7945031712473573,
            "mcc": 0.6209405274188596,
            "mat": [
                [
                    591,
                    471
                ],
                [
                    15,
                    1288
                ]
            ]
        },
        "epoch-6": {
            "f1": 0.8405228758169936,
            "acc": 0.7936575052854122,
            "mcc": 0.6185241721820682,
            "mat": [
                [
                    591,
                    471
                ],
                [
                    17,
                    1286
                ]
            ]
        },
        "epoch-7": {
            "f1": 0.8390691576532284,
            "acc": 0.7923890063424948,
            "mcc": 0.6135589881113837,
            "mat": [
                [
                    594,
                    468
                ],
                [
                    23,
                    1280
                ]
            ]
        },
        "epoch-8": {
            "f1": 0.8427550357374919,
            "acc": 0.7953488372093023,
            "mcc": 0.6268240330290366,
            "mat": [
                [
                    584,
                    478
                ],
                [
                    6,
                    1297
                ]
            ]
        },
        "epoch-9": {
            "f1": 0.8404847690795939,
            "acc": 0.7940803382663848,
            "mcc": 0.6178829566972678,
            "mat": [
                [
                    595,
                    467
                ],
                [
                    20,
                    1283
                ]
            ]
        },
        "epoch-10": {
            "f1": 0.8319242475481907,
            "acc": 0.7898520084566596,
            "mcc": 0.5908975647998519,
            "mat": [
                [
                    638,
                    424
                ],
                [
                    73,
                    1230
                ]
            ]
        },
        "epoch-11": {
            "f1": 0.8296540362438222,
            "acc": 0.7813953488372093,
            "mcc": 0.5851507389096987,
            "mat": [
                [
                    589,
                    473
                ],
                [
                    44,
                    1259
                ]
            ]
        },
        "epoch-12": {
            "f1": 0.8338804990151018,
            "acc": 0.786046511627907,
            "mcc": 0.5979741852956755,
            "mat": [
                [
                    589,
                    473
                ],
                [
                    33,
                    1270
                ]
            ]
        },
        "epoch-13": {
            "f1": 0.8367346938775511,
            "acc": 0.7902748414376322,
            "mcc": 0.6059324253155222,
            "mat": [
                [
                    598,
                    464
                ],
                [
                    32,
                    1271
                ]
            ]
        },
        "epoch-14": {
            "f1": 0.8273769386378962,
            "acc": 0.7835095137420719,
            "mcc": 0.5782532760380882,
            "mat": [
                [
                    626,
                    436
                ],
                [
                    76,
                    1227
                ]
            ]
        },
        "epoch-15": {
            "f1": 0.8378378378378378,
            "acc": 0.7919661733615222,
            "mcc": 0.6089448033162891,
            "mat": [
                [
                    602,
                    460
                ],
                [
                    32,
                    1271
                ]
            ]
        },
        "epoch-16": {
            "f1": 0.8372555518727213,
            "acc": 0.7923890063424948,
            "mcc": 0.6065143252806214,
            "mat": [
                [
                    611,
                    451
                ],
                [
                    40,
                    1263
                ]
            ]
        },
        "epoch-17": {
            "f1": 0.8357119150348491,
            "acc": 0.7906976744186046,
            "mcc": 0.601954152804468,
            "mat": [
                [
                    611,
                    451
                ],
                [
                    44,
                    1259
                ]
            ]
        },
        "epoch-18": {
            "f1": 0.8327803583278036,
            "acc": 0.786892177589852,
            "mcc": 0.5935887389881308,
            "mat": [
                [
                    606,
                    456
                ],
                [
                    48,
                    1255
                ]
            ]
        },
        "epoch-19": {
            "f1": 0.8357119150348491,
            "acc": 0.7906976744186046,
            "mcc": 0.601954152804468,
            "mat": [
                [
                    611,
                    451
                ],
                [
                    44,
                    1259
                ]
            ]
        },
        "epoch-20": {
            "f1": 0.8379002971277648,
            "acc": 0.7923890063424948,
            "mcc": 0.6088805197157635,
            "mat": [
                [
                    605,
                    457
                ],
                [
                    34,
                    1269
                ]
            ]
        },
        "epoch-21": {
            "f1": 0.8341708542713568,
            "acc": 0.7906976744186046,
            "mcc": 0.5970485960363514,
            "mat": [
                [
                    625,
                    437
                ],
                [
                    58,
                    1245
                ]
            ]
        },
        "epoch-22": {
            "f1": 0.8353333333333334,
            "acc": 0.7911205073995772,
            "mcc": 0.6005416748329256,