{
    "score": {
        "epoch-0": {
            "f1": 0.841249186727391,
            "acc": 0.7936575052854122,
            "mcc": 0.6218941896573371,
            "mat": [
                [
                    584,
                    478
                ],
                [
                    10,
                    1293
                ]
            ]
        },
        "epoch-1": {
            "f1": 0.8434610303830912,
            "acc": 0.7995771670190275,
            "mcc": 0.6249425999074225,
            "mat": [
                [
                    614,
                    448
                ],
                [
                    26,
                    1277
                ]
            ]
        },
        "epoch-2": {
            "f1": 0.8526031102096012,
            "acc": 0.8156448202959831,
            "mcc": 0.6476080505120981,
            "mat": [
                [
                    668,
                    394
                ],
                [
                    42,
                    1261
                ]
            ]
        },
        "epoch-3": {
            "f1": 0.847581179589132,
            "acc": 0.8054968287526427,
            "mcc": 0.6362214726303352,
            "mat": [
                [
                    626,
                    436
                ],
                [
                    24,
                    1279
                ]
            ]
        },
        "epoch-4": {
            "f1": 0.8506817426005986,
            "acc": 0.8101479915433404,
            "mcc": 0.6444192026245913,
            "mat": [
                [
                    637,
                    425
                ],
                [
                    24,
                    1279
                ]
            ]
        },
        "epoch-5": {
            "f1": 0.8582089552238805,
            "acc": 0.8232558139534883,
            "mcc": 0.6626141131937582,
            "mat": [
                [
                    682,
                    380
                ],
                [
                    38,
                    1265
                ]
            ]
        },
        "epoch-6": {
            "f1": 0.8561278863232683,
            "acc": 0.828752642706131,
            "mcc": 0.6584825704729462,
            "mat": [
                [
                    755,
                    307
                ],
                [
                    98,
                    1205
                ]
            ]
        },
        "epoch-7": {
            "f1": 0.8619217081850534,
            "acc": 0.8359408033826639,
            "mcc": 0.6731283096549726,
            "mat": [
                [
                    766,
                    296
                ],
                [
                    92,
                    1211
                ]
            ]
        },
        "epoch-8": {
            "f1": 0.8569472963723478,
            "acc": 0.8232558139534883,
            "mcc": 0.6585944605231924,
            "mat": [
                [
                    695,
                    367
                ],
                [
                    51,
                    1252
                ]
            ]
        },
        "epoch-9": {
            "f1": 0.8635890315862548,
            "acc": 0.8338266384778013,
            "mcc": 0.6758061126260637,
            "mat": [
                [
                    728,
                    334
                ],
                [
                    59,
                    1244
                ]
            ]
        },
        "epoch-10": {
            "f1": 0.8606528606528606,
            "acc": 0.8321353065539112,
            "mcc": 0.6686327209872364,
            "mat": [
                [
                    742,
                    320
                ],
                [
                    77,
                    1226
                ]
            ]
        },
        "epoch-11": {
            "f1": 0.8648271044359064,
            "acc": 0.8363636363636363,
            "mcc": 0.6790793378800823,
            "mat": [
                [
                    740,
                    322
                ],
                [
                    65,
                    1238
                ]
            ]
        },
        "epoch-12": {
            "f1": 0.8625927234192865,
            "acc": 0.8355179704016913,
            "mcc": 0.6740297957794281,
            "mat": [
                [
                    755,
                    307
                ],
                [
                    82,
                    1221
                ]
            ]
        },
        "epoch-13": {
            "f1": 0.8621783574198096,
            "acc": 0.8346723044397463,
            "mcc": 0.6728094769207343,
            "mat": [
                [
                    751,
                    311
                ],
                [
                    80,
                    1223
                ]
            ]
        },
        "epoch-14": {
            "f1": 0.8615709756956675,
            "acc": 0.8338266384778013,
            "mcc": 0.6712186703205412,
            "mat": [
                [
                    749,
                    313
                ],
                [
                    80,
                    1223
                ]
            ]
        },
        "epoch-15": {
            "f1": 0.8596614950634698,
            "acc": 0.8317124735729386,
            "mcc": 0.666484369489256,
            "mat": [
                [
                    748,
                    314
                ],
                [
                    84,
                    1219
                ]
            ]
        },
        "epoch-16": {
            "f1": 0.862994350282486,
            "acc": 0.8359408033826639,
            "mcc": 0.6750107352356427,
            "mat": [
                [
                    755,
                    307
                ],
                [
                    81,
                    1222
                ]
            ]
        },
        "epoch-17": {
            "f1": 0.8559015206372195,
            "acc": 0.8317124735729386,
            "mcc": 0.6612759941628473,
            "mat": [
                [
                    785,
                    277
                ],
                [
                    121,
                    1182
                ]
            ]
        },
        "final": {
            "f1": 0.8730385164051355,
            "acc": 0.849535080304311,
            "mcc": 0.7077578444486217,
            "mat": [
                [
                    393,
                    150
                ],
                [
                    28,
                    612
                ]
            ]
        }
    },
    "loss": {
        "epoch-0": 0.5856627073582898,
        "epoch-1": 0.5334880491100165,
        "epoch-2": 0.5130856397907698,
        "epoch-3": 0.5019749222008468,
        "epoch-4": 0.4956734568634784,
        "epoch-5": 0.4880568256636084,
        "epoch-6": 0.4808580168690255,
        "epoch-7": 0.4792781815017187,
        "epoch-8": 0.47321594850943555,
        "epoch-9": 0.4745681606193566,
        "epoch-10": 0.4728130829769455,
        "epoch-11": 0.47097054650297016,
        "epoch-12": 0.4666894713389298,
        "epoch-13": 0.46889241469777254,
        "epoch-14": 0.46496318290588756,
        "epoch-15": 0.46695716796377323,
        "epoch-16": 0.4663622432559413,
        "epoch-17": 0.4661495046016192
    }
}