{
    "score": {
        "epoch-0": {
            "f1": 0.8409387222946545,
            "acc": 0.7936575052854122,
            "mcc": 0.6204250086264357,
            "mat": [
                [
                    587,
                    475
                ],
                [
                    13,
                    1290
                ]
            ]
        },
        "epoch-1": {
            "f1": 0.841383812010444,
            "acc": 0.7945031712473573,
            "mcc": 0.62141578650234,
            "mat": [
                [
                    590,
                    472
                ],
                [
                    14,
                    1289
                ]
            ]
        },
        "epoch-2": {
            "f1": 0.8434128800261523,
            "acc": 0.7974630021141649,
            "mcc": 0.6270397424570102,
            "mat": [
                [
                    596,
                    466
                ],
                [
                    13,
                    1290
                ]
            ]
        },
        "epoch-3": {
            "f1": 0.8471380471380473,
            "acc": 0.8080338266384778,
            "mcc": 0.6328822043610967,
            "mat": [
                [
                    653,
                    409
                ],
                [
                    45,
                    1258
                ]
            ]
        },
        "epoch-4": {
            "f1": 0.8463593854375416,
            "acc": 0.8054968287526427,
            "mcc": 0.6315123888163975,
            "mat": [
                [
                    638,
                    424
                ],
                [
                    36,
                    1267
                ]
            ]
        },
        "epoch-5": {
            "f1": 0.854631507775524,
            "acc": 0.8181818181818182,
            "mcc": 0.6531720843197796,
            "mat": [
                [
                    671,
                    391
                ],
                [
                    39,
                    1264
                ]
            ]
        },
        "epoch-6": {
            "f1": 0.8630328441649197,
            "acc": 0.8342494714587738,
            "mcc": 0.6744831487979137,
            "mat": [
                [
                    738,
                    324
                ],
                [
                    68,
                    1235
                ]
            ]
        },
        "epoch-7": {
            "f1": 0.8510924369747899,
            "acc": 0.8126849894291754,
            "mcc": 0.6440074609450487,
            "mat": [
                [
                    656,
                    406
                ],
                [
                    37,
                    1266
                ]
            ]
        },
        "epoch-8": {
            "f1": 0.8588154269972451,
            "acc": 0.8266384778012685,
            "mcc": 0.663376605677307,
            "mat": [
                [
                    708,
                    354
                ],
                [
                    56,
                    1247
                ]
            ]
        },
        "epoch-9": {
            "f1": 0.8604972375690606,
            "acc": 0.8291754756871036,
            "mcc": 0.6677632182424994,
            "mat": [
                [
                    715,
                    347
                ],
                [
                    57,
                    1246
                ]
            ]
        },
        "epoch-10": {
            "f1": 0.8634788634788635,
            "acc": 0.8334038054968288,
            "mcc": 0.6755278062250273,
            "mat": [
                [
                    725,
                    337
                ],
                [
                    57,
                    1246
                ]
            ]
        },
        "epoch-11": {
            "f1": 0.8627722087798134,
            "acc": 0.8321353065539112,
            "mcc": 0.6737137264082657,
            "mat": [
                [
                    720,
                    342
                ],
                [
                    55,
                    1248
                ]
            ]
        },
        "epoch-12": {
            "f1": 0.8617718028266115,
            "acc": 0.8304439746300212,
            "mcc": 0.6711486527012881,
            "mat": [
                [
                    714,
                    348
                ],
                [
                    53,
                    1250
                ]
            ]
        },
        "epoch-13": {
            "f1": 0.8632596685082873,
            "acc": 0.8325581395348837,
            "mcc": 0.6750149233002637,
            "mat": [
                [
                    719,
                    343
                ],
                [
                    53,
                    1250
                ]
            ]
        },
        "epoch-14": {
            "f1": 0.8638562543192813,
            "acc": 0.8334038054968288,
            "mcc": 0.6765621755364783,
            "mat": [
                [
                    721,
                    341
                ],
                [
                    53,
                    1250
                ]
            ]
        },
        "epoch-15": {
            "f1": 0.8640335547011535,
            "acc": 0.8355179704016913,
            "mcc": 0.6770622425571341,
            "mat": [
                [
                    740,
                    322
                ],
                [
                    67,
                    1236
                ]
            ]
        },
        "epoch-16": {
            "f1": 0.8628691983122363,
            "acc": 0.8350951374207188,
            "mcc": 0.6743806374711545,
            "mat": [
                [
                    748,
                    314
                ],
                [
                    76,
                    1227
                ]
            ]
        },
        "epoch-17": {
            "f1": 0.862894828184658,
            "acc": 0.8329809725158562,
            "mcc": 0.6740020325377034,
            "mat": [
                [
                    727,
                    335
                ],
                [
                    60,
                    1243
                ]
            ]
        },
        "epoch-18": {
            "f1": 0.8628670120898101,
            "acc": 0.8321353065539112,
            "mcc": 0.6739761727047275,
            "mat": [
                [
                    719,
                    343
                ],
                [
                    54,
                    1249
                ]
            ]
        },
        "epoch-19": {
            "f1": 0.8621883656509696,
            "acc": 0.8317124735729386,
            "mcc": 0.672165873803738,
            "mat": [
                [
                    722,
                    340
                ],
                [
                    58,
                    1245
                ]
            ]
        },
        "epoch-20": {
            "f1": 0.8633841886269072,
            "acc": 0.8334038054968288,
            "mcc": 0.6752762292741059,
            "mat": [
                [
                    726,
                    336
                ],
                [
                    58,
                    1245
                ]
            ]
        },
        "epoch-21": {
            "f1": 0.8627722087798134,
            "acc": 0.8321353065539112,
            "mcc": 0.6737137264082657,
            "mat": [
                [
                    720,
                    342
                ],
                [
                    55,
                    1248
                ]
            ]
        },
        "final": {
            "f1": 0.8671428571428571,
            "acc": 0.8427726120033813,
            "mcc": 0.6931441104397612,